trade_date,port_ret,port_nav
2020-01-02,,
2020-01-03,0.0013115915889531397,1.0013115915889532
2020-01-06,-0.005390146555138176,0.9979550968670535
2020-01-07,0.004633181838951627,1.000176178212752
2020-01-08,-0.00897414566391604,0.997880706937322
2020-01-09,0.017261123670734523,1.0017270246147332
2020-01-10,0.001283698916946227,1.0016531233698303
2020-01-13,0.012850513180606224,1.0032451393494763
2020-01-14,-0.008073887679170872,1.0018232274017467
2020-01-15,-0.002039234366900439,1.0013933278121296
2020-01-16,-0.005370606238681033,1.000714869647197
2020-01-17,-4.1549376502518574E-4,1.0006120565383494
2020-01-20,0.011917855220094887,1.0015493622925316
2020-01-21,-0.01797872635485858,1.000033512250491
2020-01-22,0.010004846610654324,1.0007424741706354
2020-01-23,-0.037545741995372105,0.9981431955530761
2020-02-03,-0.08551232227682573,0.992697466380393
2020-02-04,0.030284620164113294,0.9948700183589537
2020-02-05,0.010429081056461943,0.9957280909754478
2020-02-06,0.02552978994507749,0.9972747871391866
2020-02-07,0.0024895610816356626,0.9975348804097782
2020-02-10,0.01375073311010856,0.9983011489510791
2020-02-11,0.004707914778862491,0.998591477301453
2020-02-12,0.008538931091203445,0.9990219280789232
2020-02-13,-0.0029743978455883885,0.9989386680821579
2020-02-14,0.005499908491265105,0.9992002937962743
2020-02-17,0.02753876884728974,1.000275643537772
2020-02-18,0.0024639312598607787,1.0003566059832474
2020-02-19,-5.995119946681519E-4,1.0003224431670616
2020-02-20,0.025119020661456142,1.0011674283968406
2020-02-21,0.00468634517915634,1.0012845268132295
2020-02-24,0.0069041146305253865,1.0014653133562634
2020-02-25,0.003857845231408282,1.0015399935938052
2020-02-26,-0.02107819004456564,1.0008469761100862
2020-02-27,0.0041619853920287,1.0009443200019565
2020-02-28,-0.04063772029939763,0.999731613815744
2020-03-02,0.04428364254787465,1.0009431212261861
2020-03-03,0.00560954674144454,1.0010689556676557
2020-03-04,0.00587350210851336,1.001195096606098
2020-03-05,0.01782540750403949,1.0016181014025587
2020-03-06,-0.016908466939426787,1.001150709224777
2020-03-09,-0.03970092617560815,1.0001339455272549
2020-03-10,0.027356294426100478,1.000773637127214
2020-03-11,-0.016073235481494755,1.000378592253015
2020-03-12,-0.020975836327324398,0.9998881296955751
2020-03-13,-0.010157189736820197,0.9996637966464317
2020-03-16,-0.051652200681411534,0.9985192352024513
2020-03-17,-0.0019139153098433276,0.9985100172771642
2020-03-18,-0.025329883811558096,0.9980074540397791
2020-03-19,-0.00812130573874636,0.9978819995679719
2020-03-20,0.018397293111840185,0.9982882273267363
2020-03-23,-0.04025028015377012,0.9975178951659947
2020-03-24,0.028453779940881066,0.9981039494195989
2020-03-25,0.03036213340612304,0.99870314556005
2020-03-26,-0.011125211217385642,0.9985202542077345
2020-03-27,0.0061028667876914765,0.9986576085066703
2020-03-30,-0.019688421143193555,0.9983270090090784
2020-03-31,-7.914443453149735E-4,0.9983424680351047
2020-04-01,0.0019720898305088923,0.9984049361916454
2020-04-02,0.016930249857437244,0.9987160955629439
2020-04-03,-0.006593048348994989,0.9986273777412291
2020-04-07,0.03069626408031542,0.9991449665422705
2020-04-08,-0.007441791028564448,0.999038382474133
2020-04-09,0.0014771785735290045,0.9990770470986474
2020-04-10,-0.009211769701423898,0.9989470025607144
2020-04-13,-0.003602360123634565,0.9989077322360098
2020-04-14,0.02157247426687637,0.999247357235639
2020-04-15,-0.004256883659078322,0.9991949645827289
2020-04-16,-5.339568659258073E-4,0.9991989504993055
2020-04-17,0.0075216525496094675,0.9993190770222783
2020-04-20,0.005052460386622899,0.9994007517734795
2020-04-21,-0.014427050225316231,0.9992046533384376
2020-04-22,0.006691566831262461,0.9993082559810001
2020-04-23,-0.003738919716837789,0.999266450951111
2020-04-24,-0.009019161998160595,0.9991540227504402
2020-04-27,-3.3534681224682794E-4,0.9991608294402872
2020-04-28,0.009496969012074526,0.9992961417951287
2020-04-29,0.003928646110688007,0.9993561669715952
2020-04-30,0.021364761897002513,0.99963530530871
2020-05-06,0.015196308063266318,0.9998307817428642
2020-05-07,-0.0024305141602982655,0.9998024839317268
2020-05-08,0.014549179723035783,0.9999832286560333
2020-05-11,0.004656814388838023,1.0000400924466175
2020-05-12,0.002707802843467383,1.0000721912571189
2020-05-13,0.004557995174582639,1.0001254756933506
2020-05-14,-0.0115778951425057,0.999986986628297
2020-05-15,-3.3486473451480904E-4,0.9999832435752005
2020-05-18,-0.003943375312518677,0.9999380222020361
2020-05-19,0.013307615764261255,1.000088954089407
2020-05-20,-0.003458249644657519,1.0000490278143164
2020-05-21,-0.010932650739457551,0.9999263417926335
2020-05-22,-0.022293297050309198,0.9996794466466358
2020-05-25,-0.001479366422299346,0.9996668436257802
2020-05-26,0.012106373781323086,0.9997997854706064
2020-05-27,-0.012419647209440499,0.9996689991431139
2020-05-28,-3.666665135205941E-4,0.9996686237085225
2020-05-29,0.002163227147590759,0.9996945771293029
2020-06-01,0.03609177374353281,1.000063204579999
2020-06-02,0.005198740570096687,1.0001154752819728
2020-06-03,-0.003795940785422092,1.000075889350545
2020-06-04,0.003066304097793211,1.0001057493232022
2020-06-05,0.002329491810984946,1.000127742375837
2020-06-08,0.010577458456815365,1.0002296642558843
2020-06-09,0.004138081530404368,1.0002675368272316
2020-06-10,-9.214761039138311E-4,1.0002560972755457
2020-06-11,-0.012952723559291139,1.0001294690014368
2020-06-12,4.4469488862795836E-4,1.0001324423664264
2020-06-15,-0.012932025637407875,1.0000095476063213
2020-06-16,0.019143277184803874,1.0001850535928318
2020-06-17,-3.3438579130592746E-5,1.000183048860525
2020-06-18,0.009320851810252363,1.0002657460371267
2020-06-19,0.011882027450664157,1.0003697996295173
2020-06-22,0.0020486063185380663,1.0003847765236644
2020-06-23,0.00353329734431545,1.000412596171598
2020-06-24,0.00737074634900737,1.0004734231422525
2020-06-29,-0.0021226094015713197,1.0004508198629853
2020-06-30,0.015194102526599482,1.00057699769024
2020-07-01,0.030834164252650714,1.000831805351911
2020-07-02,0.026266890651498186,1.001044686090432
2020-07-03,0.020047283554036836,1.0012028875564485
2020-07-06,0.05386004363443222,1.0016306384701688
2020-07-07,0.014686642428576079,1.0017378478880148
2020-07-08,0.012629934848342473,1.0018266493390589
2020-07-09,0.016876473147989,1.001948103051762
2020-07-10,-0.021361688955787567,1.001757917740213
2020-07-13,0.02566025108883068,1.0019469086071862
2020-07-14,-0.014006022899017471,1.001819287397307
2020-07-15,-0.012228527294422304,1.0017078980267802
2020-07-16,-0.04692556790388038,1.0013184915751663
2020-07-17,0.005265574423376482,1.0013490294342922
2020-07-20,0.04000518095912313,1.0016408309618487
2020-07-21,0.003001727805544021,1.0016512124902823
2020-07-22,0.0037591019483677306,1.0016671646978237
2020-07-23,-0.004795930726548059,1.0016184137293878
2020-07-24,-0.04655351126276387,1.0012500572107117
2020-07-27,0.0017683073817579614,1.001253895115055
2020-07-28,0.009883358651047985,1.001317077172
2020-07-29,0.024804026907132702,1.0014865493742986
2020-07-30,-0.011065469170506001,1.0013950220954588
2020-07-31,0.004865901243219089,1.0014199495848548
2020-08-03,0.028522115230717623,1.0016109814332579
2020-08-04,-0.006950151279025785,1.0015500050617603
2020-08-05,-0.002285956680162198,1.0015229397481156
2020-08-06,0.001490038552687738,1.001522709666073
2020-08-07,-0.006774533953905563,1.0014648515844182
2020-08-10,0.009598132278670434,1.00152071818868
2020-08-11,-0.01106258983584027,1.0014339888889279
2020-08-12,-0.011637415786707246,1.0013444863388878
2020-08-13,-0.002106594898710997,1.0013211282199603
2020-08-14,0.02219243278248094,1.0014597738068092
2020-08-17,0.032192003104006724,1.0016615948936618
2020-08-18,-0.0018683416237213295,1.0016381768160234
2020-08-19,-0.0124528100993842,1.0015448190486453
2020-08-20,-0.017917406970360802,1.0014163710180963
2020-08-21,0.011321347221423524,1.001480375088927
2020-08-24,0.013224341059875556,1.0015557046390584
2020-08-25,-3.8622933842654577E-4,1.0015432443381096
2020-08-26,-0.01601422778224658,1.0014304278289854
2020-08-27,0.007066132915554138,1.0014659974887017
2020-08-28,0.02405782126853453,1.0016065153378644
2020-08-31,-0.006773387776025346,1.001553922000316
2020-09-01,0.00677288586601506,1.0015862542815406
2020-09-02,0.0036388975901616104,1.001598912033387
2020-09-03,-0.012449688712513347,1.0015121179053388
2020-09-04,-0.00654320459813207,1.0014628027025292
2020-09-07,-0.021606577038339004,1.0013213627426614
2020-09-08,0.004835290197890532,1.0013424941472355
2020-09-09,-0.027255770170331806,1.0011687691443674
2020-09-10,-0.005696134139579465,1.0011277667258556
2020-09-11,0.011624849702566525,1.0011895581732515
2020-09-14,0.0015069560063360316,1.001191424925185
2020-09-15,0.012069945209294726,1.0012547008676018
2020-09-16,-0.004749909356583096,1.0012196858542
2020-09-17,0.001559054680188498,1.0012216471932514
2020-09-18,0.022154715216073328,1.0013407188809194
2020-09-21,-0.004275034511623521,1.0013085390565912
2020-09-22,-0.01233130499443397,1.0012305102928067
2020-09-23,0.0022390088762060324,1.0012362051734913
2020-09-24,-0.023357376283922076,1.0010963235450343
2020-09-25,-0.0012122227361380325,1.0010834118285505
2020-09-28,-0.0012766990834539168,1.0010702847071744
2020-09-29,0.0058538839492209135,1.0010966508352843
2020-09-30,0.0013073426140633934,1.001097808361287
2020-10-09,0.026509783256214354,1.0012349478137625
2020-10-12,0.030066103100003842,1.0013894371809358
2020-10-13,0.009813075722903991,1.0014347809446367
2020-10-14,-0.007153661103628909,1.001388408460264
2020-10-15,-0.002681792115975993,1.0013665985649358
2020-10-16,-0.004656297042590202,1.0013344656685452
2020-10-19,-0.009577101765606492,1.0012764173262536
2020-10-20,0.011961542424642839,1.0013323584379248
2020-10-21,-0.0071162716828823015,1.001287938093015
2020-10-22,-0.007556880801174462,1.001241667726836
2020-10-23,-0.012000495072567962,1.0011726001021406
2020-10-26,-0.0011343119826745518,1.0011606951524077
2020-10-27,-0.002640363595589606,1.0011411656366729
2020-10-28,0.01044139471740785,1.001188397857562
2020-10-29,0.012852451779891841,1.0012472657441531
2020-10-30,-0.015705707512676272,1.0011609152415515
2020-11-02,0.008340291445431141,1.0011968644134535
2020-11-03,0.008327552626201508,1.0012323921196715
2020-11-04,0.008752579223829897,1.0012696668728314
2020-11-05,0.016531025441633748,1.0013446509685173
2020-11-06,0.002107922491466446,1.0013484095015324
2020-11-09,0.02161379099170095,1.0014467625696049
2020-11-10,-0.00919084611923867,1.0013945955888135
2020-11-11,-0.011101907522652351,1.0013335531266494
2020-11-12,0.0036942519197913954,1.001344944111346
2020-11-13,-0.006820425635876657,1.0013055273693712
2020-11-16,0.01149286037598723,1.0013540254750637
2020-11-17,0.002016138196361744,1.0013571773558219
2020-11-18,0.0034404224782369425,1.0013670403480404
2020-11-19,0.006210429091693997,1.0013898317073187
2020-11-20,0.005679613668796968,1.0014099287154308
2020-11-23,0.010126448358756621,1.0014504846907453
2020-11-24,-0.007463785986979782,1.0014088381973671
2020-11-25,-0.013707522176705591,1.0013383239527172
2020-11-26,-0.003305528749340861,1.001316874162258
2020-11-27,0.009383308954320923,1.001353728589738
2020-11-30,0.0014024309713413416,1.0013539509696592
2020-12-01,0.026309021279828728,1.0014659989889436
2020-12-02,0.015576753631388458,1.0015294049224492
2020-12-03,-0.012253998880740533,1.0014668882739783
2020-12-04,-0.00282916326189572,1.0014475822157392
2020-12-07,-0.008061369146205472,1.0014049296244636
2020-12-08,-0.003924423170391818,1.0013811806421373
2020-12-09,-0.021550436961975374,1.001278538720851
2020-12-10,4.0732899298679277E-4,1.0012746991292416
2020-12-11,-0.009301845869662378,1.0012280651189365
2020-12-14,0.012375718655310515,1.0012764769945037
2020-12-15,0.006040155590718243,1.0012971397405643
2020-12-16,-0.003987813285337593,1.0012742008276947
2020-12-17,0.004388689833461138,1.0012876046035228
2020-12-18,-3.644853041260963E-4,1.0012805082580503
2020-12-21,0.01452843723728166,1.001336753653379
2020-12-22,-0.01628490134438001,1.0012611030960918
2020-12-23,0.009529399552422203,1.0012959949918958
2020-12-24,-0.008496500974064238,1.001254473933371
2020-12-25,0.006138901551226884,1.0012749470517222
2020-12-28,0.00222629275631576,1.0012789256957673
2020-12-29,-8.367909466055295E-4,1.0012701009218818
2020-12-30,0.015013821803341406,1.0013267425659098
2020-12-31,0.019558420925065552,1.001401405221596
2021-01-04,0.01714307508785708,1.0014656839293545
2021-01-05,0.025633371770421656,1.0015635603712738
2021-01-06,0.003756169173189042,1.0015725000531488
2021-01-07,0.020871092271839118,1.0016502064050992
2021-01-08,0.003776287077184022,1.0016588049338027
2021-01-11,-0.007389705413944623,1.001622153878005
2021-01-12,0.029122417281129253,1.0017311136770692
2021-01-13,0.007247359104777671,1.001753118369819
2021-01-14,-0.028280525296139516,1.0016316394001858
2021-01-15,-0.0047741514641981425,1.0016061382872146
2021-01-18,0.016607465391742054,1.0016649941542082
2021-01-19,-0.013073468401864765,1.0016065392903697
2021-01-20,0.003809103410883119,1.001615167350713
2021-01-21,0.010923235993204359,1.0016513597410126
2021-01-22,-6.919326710932316E-4,1.0016422312313336
2021-01-25,0.007074227209658449,1.0016632288154206
2021-01-26,-0.02526184650899729,1.0015578537723056
2021-01-27,0.002412590602103304,1.0015611398250726
2021-01-28,-0.03373246385361457,1.0014234846950951
2021-01-29,-0.0030269644505215455,1.0014064605355482
2021-02-01,0.021463307125974395,1.0014819714918894
2021-02-02,0.023327060459819242,1.0015638318334865
2021-02-03,-0.007813587849116975,1.0015282792758908
2021-02-04,-0.0036095717119675125,1.0015089145200637
2021-02-05,-0.00446967957586216,1.0014864559318053
2021-02-08,0.016791894966647226,1.0015431353817033
2021-02-09,0.029790493874892687,1.0016466959453771
2021-02-10,0.010777759031913369,1.0016803620470094
2021-02-18,-0.002744742354103639,1.0016639972078727
2021-02-19,0.0030873543960383385,1.0016692264379015
2021-02-22,-0.02890807693917284,1.0015554829664326
2021-02-23,-0.0012572701887953802,1.0015452030549112
2021-02-24,-0.018907991767942247,1.001470060687456
2021-02-25,0.010139094191943913,1.0015013355515976
2021-02-26,-0.01943187478706869,1.001424966338526
2021-03-01,0.023907440162061252,1.0015049472926656
2021-03-02,-0.007920749189085082,1.0014710040260009
2021-03-03,0.013850553778524252,1.0015149466344455
2021-03-04,-0.03173210462886127,1.0013946285104898
2021-03-05,-0.00582652351348139,1.0013689291449497
2021-03-08,-0.03700730138636161,1.0012306668309419
2021-03-09,-0.027127617590595773,1.0011293774677181
2021-03-10,0.005637074349273321,1.0011451585711748
2021-03-11,0.018927141920385547,1.0012067895243835
2021-03-12,0.008722806118122612,1.0012328802677548
2021-03-15,-0.01884643081208862,1.0011624543237467
2021-03-16,0.009500613776557188,1.0011911870161678
2021-03-17,0.01327438937131271,1.0012326046615496
2021-03-18,0.01088557415626033,1.0012656180370034
2021-03-19,-0.02393634709431094,1.0011782089831167
2021-03-22,0.022067348833118276,1.001248771889737
2021-03-23,-0.008167394604721177,1.0012165930773507
2021-03-24,-0.017297879635976295,1.001153246615722
2021-03-25,-0.002407003944348993,1.0011411973774216
2021-03-26,0.027291301170737216,1.00122811836465
2021-03-29,5.2818549017266506E-5,1.0012241720966768
2021-03-30,0.010086959918798422,1.0012536835392885
2021-03-31,-0.016597825209604785,1.0011936434574422
2021-04-01,0.00907502410050111,1.0012197252637183
2021-04-02,0.010056428477710311,1.0012488579228467
2021-04-06,0.0020867118485049913,1.0012516219648113
2021-04-07,-0.005466180853131857,1.0012294497091228
2021-04-08,-0.00417630301761524,1.0012116780681357
2021-04-09,-0.005488844942678221,1.001189707574271
2021-04-12,-0.022488504163815152,1.0011116562132019
2021-04-13,6.273697354923353E-4,1.0011100834753073
2021-04-14,0.016521946328775725,1.0011595812537166
2021-04-15,-0.0067087944021931595,1.0011340994540228
2021-04-16,0.005757307937699953,1.0011489309668187
2021-04-19,0.02452220909666728,1.001222986943293
2021-04-20,-0.002707465768232559,1.0012104049528432
2021-04-21,0.005923578581109312,1.0012253799525574
2021-04-22,-0.0020982127369441844,1.0012148113692818
2021-04-23,3.975194057082243E-4,1.001212223949451
2021-04-26,-0.008007756231318898,1.001183004517235
2021-04-27,-0.0011915427936721409,1.0011755285461614
2021-04-28,0.002818158345541418,1.0011806736494735
2021-04-29,0.0037699641859216854,1.0011887547697078
2021-04-30,-0.0129656646146999,1.0011443463235439
2021-05-06,-0.008277909679251273,1.0011149465226483
2021-05-07,-0.016459547224326604,1.0010600545829416
2021-05-10,-0.0066237050151657685,1.0010362480753114
2021-05-11,0.014613652348032287,1.0010777447844383
2021-05-12,0.004206947204014527,1.0010873286398365
2021-05-13,-0.012071447980096038,1.0010468217386284
2021-05-14,0.026144212703901416,1.0011223975861119
2021-05-17,0.010608873190795962,1.0011510965122736
2021-05-18,0.0025502925921670003,1.0011553335492414
2021-05-19,-0.004678933918693098,1.0011376559605976
2021-05-20,5.715405269368858E-4,1.0011359503127877
2021-05-21,-0.011320814937908714,1.001098308643196
2021-05-24,0.002183324988824201,1.0011015554412326
2021-05-25,0.025214420880144996,1.0011726834920427
2021-05-26,0.001064149881449677,1.0011723604578868
2021-05-27,0.0053124071428334585,1.0011846202072878
2021-05-28,-0.00406703491266243,1.0011690419938695
2021-05-31,0.0017822782078971552,1.0011708503981014
2021-06-01,-0.0014432935797790319,1.0011631517135582
2021-06-02,-0.01083488437251943,1.0011277549537043
2021-06-03,-0.006250461992760632,1.0011061015631593
2021-06-04,0.0028773411032771965,1.001111260977254
2021-06-07,-8.029020533775972E-4,1.0011056912388434
2021-06-08,-0.011591776027133318,1.001068652276243
2021-06-09,-0.0034015004923818918,1.0010557039118722
2021-06-10,-1.1211225624506956E-4,1.0010523364884971
2021-06-11,-0.014495979932391162,1.001007307818849
2021-06-15,-0.012433703441970213,1.0009685347395012
2021-06-16,-0.01153588338781928,1.0009325834441556
2021-06-17,0.00568157446847424,1.0009460814285616
2021-06-18,0.005985300951132063,1.0009603615789227
2021-06-21,0.0017872594529890775,1.0009627031015198
2021-06-22,0.007986286867904407,1.0009824746436564
2021-06-23,0.010038906873223449,1.0010078713276542
2021-06-24,-0.0030614203636235575,1.000996417501591
2021-06-25,0.012341205228898424,1.0010280173878328
2021-06-28,0.002598462621840418,1.0010324006785418
2021-06-29,-0.012415590617479303,1.0009946879083826
2021-06-30,0.009865826413637062,1.0010192217084006
2021-07-01,-0.012919450798635788,1.0009803398395372
2021-07-02,-0.023347314750469476,1.0009123085572285
2021-07-05,6.75393441505959E-4,1.0009116558214664
2021-07-06,0.005227612637026283,1.0009234874249686
2021-07-07,0.00831989494381516,1.0009436772538567
2021-07-08,-0.010097669768483487,1.0009133424763539
2021-07-09,-0.007216879473835886,1.0008910990669688
2021-07-12,0.00835279204448935,1.0009113004034336
2021-07-13,0.002382406594809492,1.000915284222088
2021-07-14,-0.010093181429220091,1.000885367234139
2021-07-15,0.006925552804154808,1.000901599260051
2021-07-16,0.004577436510504615,1.0009114624912474
2021-07-19,1.4011226612975486E-4,1.0009093937330702
2021-07-20,-0.0015582846655215464,1.000902787537332
2021-07-21,2.931573320050519E-4,1.0009011613628194
2021-07-22,0.005699004037279136,1.0009138911778297
2021-07-23,-0.009046460449001191,1.0008873391642519
2021-07-26,-0.025225985774270886,1.0008173415616608
2021-07-27,-0.03457595813957085,1.0007222687992219
2021-07-28,-0.004676323476942632,1.0007080236197123
2021-07-29,0.013680004377094854,1.000741852600237
2021-07-30,-0.005431440967108483,1.000725642226589
2021-08-02,0.03514994567706044,1.0008140154602456
2021-08-03,-0.002310446985282814,1.0008058661450316
2021-08-04,0.00818811731226084,1.0008249706324255
2021-08-05,0.001436606873938274,1.00082655469954
2021-08-06,-0.005480045544992148,1.0008102071475389
2021-08-09,0.02625102210232715,1.0008749588216754
2021-08-10,0.01614257642569314,1.000913911611154
2021-08-11,0.00417686205198813,1.000922264577827
2021-08-12,-0.017540893313922903,1.000874604412204
2021-08-13,-0.0031628616184477035,1.000864283977044
2021-08-16,0.005663948382306786,1.0008764677474444
2021-08-17,-0.015952952240931663,1.0008333912200855
2021-08-18,0.009670153613379558,1.0008556648320934
2021-08-19,-0.0022642991142115517,1.000847773860669
2021-08-20,-0.009818814029304533,1.0008207620467062
2021-08-23,0.0148536115662111,1.0008557761764696
2021-08-24,-4.918375433133387E-4,1.0008523964283165
2021-08-25,-0.0052278560273519015,1.000837149552976
2021-08-26,-0.01729902865552697,1.000791508415056
2021-08-27,-0.003359880554076028,1.0007811601525018
2021-08-30,-0.012501271165192665,1.0007479811449613
2021-08-31,0.005991923033643659,1.0007609273933293
2021-09-01,0.020165480382592516,1.0008083824067786
2021-09-02,0.006413588554833494,1.0008221499104168
2021-09-03,-0.008782365853617469,1.0007984379106851
2021-09-06,0.016564261812980062,1.0008367791632644
2021-09-07,0.012210522531341996,1.000864431383685
2021-09-08,-0.004626300877947337,1.0008510025746924
2021-09-09,0.004182582923243741,1.0008590951807141
2021-09-10,0.00992945859660776,1.000881011706158
2021-09-13,-0.00974514876682136,1.0008551452828396
2021-09-14,-0.02170984871461159,1.0008000181655428
2021-09-15,-0.007803311796069511,1.0007791978463982
2021-09-16,-0.017158686116793703,1.000735687759346
2021-09-17,0.005648645227954606,1.0007474406751005
2021-09-22,-0.0013998502514901935,1.0007422981095229
2021-09-23,0.01812308210422006,1.0007834244327345
2021-09-24,-0.005790333103749485,1.0007677211207464
2021-09-27,-3.5823558549340705E-4,1.000765045137187
2021-09-28,0.009134024310974055,1.0007847945735533
2021-09-29,-0.013311824947987109,1.0007512328640236
2021-09-30,0.00912902516897184,1.0007709097542514
2021-10-08,0.011592995683997053,1.0007962371116998
2021-10-11,0.0018640718496727052,1.000798742432819
2021-10-12,-0.006227140138375207,1.0007822304837444
2021-10-13,0.011333710272244328,1.00080675471959
2021-10-14,-0.008576532043620463,1.000784779317029
2021-10-15,-0.003430535129409628,1.0007749556049546
2021-10-18,-0.009783448607832167,1.0007503283073533
2021-10-19,0.011238584005667468,1.0007744806270258
2021-10-20,-0.004697025643566413,1.0007618097647042
2021-10-21,0.0012883094611342678,1.000763022579378
2021-10-22,0.007260897843003058,1.0007779120488494
2021-10-25,-0.001041800054236934,1.0007737346068792
2021-10-26,-0.006949852125770891,1.000755992098701
2021-10-27,-0.0182462532550002,1.0007121917596462
2021-10-28,-0.011116774007761128,1.0006850863544006
2021-10-29,0.006424306283747421,1.000698092858336
2021-11-01,0.005852798488043892,1.0007097515993097
2021-11-02,-0.01461879214266999,1.0006748038943147
2021-11-03,0.004863250942287813,1.0006842389406048
2021-11-04,0.010744452753156495,1.0007067841964972
2021-11-05,-0.005757470143750517,1.000692210767276
2021-11-08,0.002726388436804619,1.0006967670847315
2021-11-09,0.0011695642224504828,1.000697824547219
2021-11-10,0.0013886950040979224,1.0006993661378751
2021-11-11,0.023005496276608844,1.0007485013218684
2021-11-12,-0.004899723979339679,1.0007359142347507
2021-11-15,-0.0010704941359280264,1.000731905283377
2021-11-16,-0.005206556434493632,1.000718728043801
2021-11-17,-0.0016367702675451012,1.0007135221525674
2021-11-18,-0.009472190352668577,1.0006909719565478
2021-11-19,0.016138619463314668,1.000724664013859
2021-11-22,-6.277076644222469E-5,1.000722936504944
2021-11-23,-7.232555535470997E-4,1.0007197696870958
2021-11-24,-0.0011876115864475133,1.0007156011339222
2021-11-25,-0.006262728888539456,1.000700344660103
2021-11-26,-0.006294716180091329,1.0006850847249587
2021-11-29,-0.006313466837001011,1.0006698502652942
2021-11-30,0.0023500403402686846,1.0006734839971678
2021-12-01,0.008215193317273568,1.0006897118431337
2021-12-02,0.00565640849074659,1.0007003895116153
2021-12-03,0.010143428606536185,1.0007206021095651
2021-12-06,-0.001275294282761794,1.0007163148024192
2021-12-07,0.007059377429121711,1.0007298546035475
2021-12-08,0.006232611974826314,1.0007415804916404
2021-12-09,0.01764705398666626,1.0007773258419161
2021-12-10,-0.005504645162916847,1.0007639179101244
2021-12-13,0.003112581164586082,1.0007688986264565
2021-12-14,-0.008215626541889308,1.0007497778387404
2021-12-15,-0.00568732543759891,1.0007361248766713
2021-12-16,0.007366921384780253,1.0007500678546144
2021-12-17,-0.017807503123890997,1.0007106332825761
2021-12-20,-0.009127305978947956,1.0006898632949408
2021-12-21,0.01146080430797511,1.000712323477889
2021-12-22,-0.0025370048780251468,1.0007055146828248
2021-12-23,0.0017802305336701415,1.000707757147057
2021-12-24,-0.0012337263237934993,1.0007037084692965
2021-12-27,0.00660520888395404,1.0007159417393319
2021-12-28,0.007115860606400196,1.0007291773888403
2021-12-29,-0.014332378986566589,1.0006977574903557
2021-12-30,0.012727521128192488,1.0007224644705552
2021-12-31,0.0053545559131043625,1.0007319931840009
2022-01-04,0.006941329434822148,1.000744730202793
2022-01-05,-0.0017259161679869207,1.0007396507471518
2022-01-06,-0.007836992691011641,1.0007220000687853
2022-01-07,0.006620843280453427,1.000734027800797
2022-01-10,0.0024323756876489877,1.0007374908851163
2022-01-11,-0.012060501906243408,1.0007112579678463
2022-01-12,0.004155796315141438,1.0007182470648341
2022-01-13,-0.019646261263508647,1.0006765145256638
2022-01-14,-0.011777054032158615,1.0006511470115342
2022-01-17,0.00815843732680491,1.0006662567599802
2022-01-18,0.014457169694956022,1.000693871547892
2022-01-19,-0.004419087222788119,1.0006835575858626
2022-01-20,0.005735917327503486,1.0006936774122523
2022-01-21,-0.01654375499409105,1.000658833086695
2022-01-24,4.484418475927576E-4,1.000658412260064
2022-01-25,-0.026185108760668114,1.0006041020717313
2022-01-26,0.0025701752418302633,1.0006080147171132
2022-01-27,-0.023743535406861763,1.0005590044540553
2022-01-28,-0.009451970250847869,1.000539041571654
2022-02-07,0.010362662370068521,1.0005583995973117
2022-02-08,0.0032027468803485317,1.0005636187000393
2022-02-09,0.010529815095544287,1.0005831788300552
2022-02-10,0.002973045724056665,1.0005878776941652
2022-02-11,-0.003115534069073282,1.0005805883644854
2022-02-14,-0.015678668829810054,1.0005484461140697
2022-02-15,0.004101128317887258,1.0005553862355527
2022-02-16,0.001100850164060651,1.0005564513050642
2022-02-17,-0.0037977376920279387,1.000547945121373
2022-02-18,0.010772816406617385,1.0005677371053545
2022-02-21,0.004572297307631464,1.0005754974613106
2022-02-22,-0.015336466148469785,1.000544412975813
2022-02-23,0.010690702059064217,1.0005639396434787
2022-02-24,-0.02118066551733201,1.0005214996827334
2022-02-25,0.002468531113871388,1.0005252475498834
2022-02-28,-0.004130606038001683,1.0005162731283859
2022-03-01,0.01271844963248331,1.0005395524162195
2022-03-02,-0.006854164752745548,1.0005253357139823
2022-03-03,-0.004351877926020335,1.000515987498047
2022-03-04,-0.012637231313582088,1.000490719795962
2022-03-07,-0.02860746374767844,1.0004344742994298
2022-03-08,-0.02702139478155057,1.00038154859713
2022-03-09,-0.01990083189278593,1.0003426673573372
2022-03-10,0.01583000705645084,1.0003717751201087
2022-03-11,0.004627129546658725,1.0003798022399422
2022-03-14,-0.024159660925215654,1.0003329251196598
2022-03-15,-0.05731880843586321,1.0002211050712366
2022-03-16,0.03828228244017332,1.0002913234627078
2022-03-17,0.01999454315370925,1.0003279314101483
2022-03-18,0.005282866922759578,1.0003371874533786
2022-03-21,-0.0011147080582340776,1.0003344716623412
2022-03-22,0.004137531119039183,1.0003415534943392
2022-03-23,0.011191292118517271,1.0003616492684726
2022-03-24,-0.011052514287637405,1.0003403116128042
2022-03-25,-0.013759444986678915,1.0003139667499634
2022-03-28,-0.0011996971114918821,1.0003111615497344
2022-03-29,-0.003631970510552853,1.000303858574043
2022-03-30,0.02868677354775511,1.000355497731487
2022-03-31,-0.007246542773160076,1.0003414442889054
2022-04-01,0.015177068525986829,1.0003685157758797
2022-04-06,0.004547757722504223,1.00037616816546
2022-04-07,-0.020652713388332612,1.0003372439182856
2022-04-08,0.007807399959577099,1.0003508498644127
2022-04-11,-0.036935951366206504,1.0002815101587785
2022-04-12,0.014715305704243408,1.000307613684628
2022-04-13,-0.014929538131538073,1.0002796969948644
2022-04-14,0.021461383676655104,1.000317738614934
2022-04-15,0.0015258409535467926,1.0003199258879805
2022-04-18,-0.006147900487576794,1.0003081920930645
2022-04-19,-0.007583171931023595,1.0002938913723185
2022-04-20,-0.01299338895766936,1.0002697901857744
2022-04-21,-0.026013752277393963,1.000221886598073
2022-04-22,0.012049490147867407,1.000242996730005
2022-04-25,-0.05927095781609201,1.0001330421988652
2022-04-26,-0.014485942474313389,1.000106697500198
2022-04-27,0.025514213808168866,1.0001515023319485
2022-04-28,0.006819098799393721,1.0001633481591379
2022-04-29,0.033142060556338886,1.0002210841091879
2022-05-05,-0.0023482421350104507,1.0002165146135948
2022-05-06,-0.02235006892361076,1.0001760454876805
2022-05-09,-0.001321560888488735,1.0001733928740093
2022-05-10,0.0025287189074625054,1.0001775493439182
2022-05-11,0.009151430079767509,1.0001933058380672
2022-05-12,-0.008019866670819935,1.0001787864366918
2022-05-13,0.015051977438936536,1.0002047335027786
2022-05-16,-0.004914316077518896,1.000195729694005
2022-05-17,0.007002971063424073,1.0002076109926066
2022-05-18,-0.0028133736262541805,1.0002023215729337
2022-05-19,0.003996210092055559,1.0002089301660109
2022-05-20,0.012171592159107987,1.0002296476098935
2022-05-23,-0.011601796021642003,1.0002089487356394
2022-05-24,-0.01787548383531877,1.000177265349378
2022-05-25,0.008639455349882034,1.0001918696027259
2022-05-26,0.011823392166282445,1.0002118774312172
2022-05-27,-0.005889467152411843,1.0002013074872924
2022-05-30,1.2942188327951898E-4,1.0002011835421494
2022-05-31,0.012026608910401927,1.0002214179383062
2022-06-01,-0.0029024129104412177,1.0002160421467239
2022-06-02,0.0023889070495518487,1.0002197651522025
2022-06-06,0.013228137622030013,1.0002418964047965
2022-06-07,0.0012618050382502697,1.0002436389516232
2022-06-08,0.005064092522937398,1.0002518452569582
2022-06-09,-0.011437810956455248,1.0002318139414577
2022-06-10,0.013569468671472894,1.0002543473781476
2022-06-13,-0.016620386612089918,1.000225453572115
2022-06-14,0.010926558170031462,1.0002434948631689
2022-06-15,0.024837651140929326,1.0002846068084816
2022-06-16,-0.00308614839256368,1.0002789033663444
2022-06-17,0.004196320963001749,1.0002854965864296
2022-06-20,0.01657909587597249,1.0003127062497115
2022-06-21,-0.003346324711203197,1.0003065453619842
2022-06-22,-0.019818396283824792,1.0002724349651246
2022-06-23,0.020336299626217823,1.0003057107131312
2022-06-24,0.0060811236677173735,1.0003153408669316
2022-06-27,0.01215852418783649,1.0003349965248636
2022-06-28,0.018318298261415806,1.0003647029123797
2022-06-29,-0.011595445916628859,1.0003446827793379
2022-06-30,0.016826323050028093,1.0003718381944273
2022-07-01,0.0015589026474369997,1.0003738056270595
2022-07-04,0.0036423585344587035,1.0003792083316934
2022-07-05,-0.005503245016697084,1.0003694566163834
2022-07-06,-0.016883561016783698,1.0003407383338405
2022-07-07,0.0051733891682749465,1.0003486807294808
2022-07-08,-0.0024634827649383266,1.0003440489578492
2022-07-11,-0.01430982503839986,1.0003198090792618
2022-07-12,-0.006090633763493824,1.0003092663949167
2022-07-13,-0.0011976842768186286,1.0003067981706097
2022-07-14,-0.004100526296919802,1.0002995807744952
2022-07-15,-0.019498192490037054,1.0002669608911778
2022-07-18,0.013293819331321415,1.000288040528493
2022-07-19,0.003962490681740175,1.000294004315031
2022-07-20,0.005017339097238963,1.0003016540489833
2022-07-21,-0.010370319587871383,1.0002842647185366
2022-07-22,-0.001730807040416365,1.000281000801258
2022-07-25,-0.004013654199216009,1.000274047835254
2022-07-26,0.013895688084966414,1.0002958702098275
2022-07-27,-0.002393121103034582,1.000291534289964
2022-07-28,0.004038566854624417,1.0002975472211573
2022-07-29,-0.014964085125519154,1.000272861724267
2022-08-01,-5.17153414895175E-4,1.0002715951749401
2022-08-02,-0.024926336515304338,1.0002307628143368
2022-08-03,-0.009801518697752313,1.0002146560235656
2022-08-04,0.005294542701869278,1.0002227374443065
2022-08-05,0.01226466201004713,1.000241798156705
2022-08-08,0.004260106454937029,1.0002481737865656
2022-08-09,-0.002473212616805453,1.0002438482480054
2022-08-10,-0.005666037691115345,1.000234454608859
2022-08-11,0.01845119131073756,1.000263019633598
2022-08-12,-0.001450505943971788,1.0002603103245424
2022-08-15,-0.0034762038314077007,1.000254405751217
2022-08-16,-0.0015510396987682966,1.0002515599650048
2022-08-17,0.010902448425230037,1.000268218250531
2022-08-18,-0.010410583953169397,1.000251364052955
2022-08-19,-0.005105789533362772,1.000242944729522
2022-08-22,0.004642004513458801,1.0002498139464426
2022-08-23,-0.007063798975668915,1.0002383445094467
2022-08-24,-0.02940627063146205,1.0001913989817433
2022-08-25,0.0057546372338445504,1.0002000404887568
2022-08-26,-0.004894899608366948,1.0001920965686
2022-08-29,-0.0039051939975914365,1.0001857212692924
2022-08-30,0.0011787821443061744,1.0001872601359145
2022-08-31,0.004136699558831918,1.0001933617989742
2022-09-01,-0.0022409236113025725,1.0001895948006192
2022-09-02,-0.005533203622280787,1.0001807379983982
2022-09-05,-0.0024485344854034627,1.0001766814049844
2022-09-06,0.016614525578852964,1.0002017651482384
2022-09-07,-0.00273067319822106,1.0001972540286157
2022-09-08,0.0011194266158466924,1.0001986677531287
2022-09-09,0.015878309290704447,1.0002224934731978
2022-09-13,0.004276989741655396,1.0002286804965637
2022-09-14,-0.007427740075270108,1.000216946405603
2022-09-15,-0.00695899588429195,1.0002059681006612
2022-09-16,-0.027235284374374887,1.0001636178312348
2022-09-19,-0.005467435654765762,1.0001550358543385
2022-09-20,9.283830047291621E-4,1.0001562089177243
2022-09-21,-0.0015991176177087903,1.0001535469990166
2022-09-22,-0.014275109649920228,1.0001315597283489
2022-09-23,-0.005949921516986724,1.0001223451993215
2022-09-26,-0.010641508931588918,1.000106022261174
2022-09-27,0.01785254817779409,1.0001325149482176
2022-09-28,-0.020783312791078704,1.0001007295397182
2022-09-29,-0.009384684475414849,1.0000864193080428
2022-09-30,-0.0021480287265979677,1.0000830655686552
2022-10-10,-0.024357747826384956,1.0000460237067237
2022-10-11,-0.0017134246405769123,1.000043391426297
2022-10-12,0.023804421035974126,1.0000784415057804
2022-10-13,-0.007850934557080335,1.0000665772270438
2022-10-14,0.020251499056156082,1.000096315645353
2022-10-17,0.004297956951404748,1.0001025457389097
2022-10-18,-0.0020390675971727673,1.0000993648691408
2022-10-19,-0.017799741702045235,1.0000726078688535
2022-10-20,-0.0046053837715274515,1.000065671551358
2022-10-21,-0.0036046686405964224,1.0000602401156302
2022-10-24,-0.02262056584892413,1.0000264029948749
2022-10-25,-0.0016922015553774473,1.0000238697388697
2022-10-26,0.008376875891717801,1.0000361026279276
2022-10-27,-0.002764614478686106,1.0000319842130438
2022-10-28,-0.024580006595312343,0.9999954454099216
2022-10-31,-0.021691268877137144,0.9999633444195993
2022-11-01,0.029283335793581645,1.0000055943859707
2022-11-02,0.013897747733360681,1.0000257355266053
2022-11-03,-0.009309847590262847,1.000012062979171
2022-11-04,0.03200016619901582,1.0000578968461247
2022-11-07,-2.8911335807257714E-4,1.0000573923834282
2022-11-08,-0.006434444992368547,1.0000479395982402
2022-11-09,-0.001501287845349377,1.0000456926026782
2022-11-10,-0.00562781603403186,1.0000374586808876
2022-11-11,0.034695487409613236,1.0000866954226872
2022-11-14,0.008503480804008697,1.0000987901059049
2022-11-15,0.017038906803419844,1.000122995365517
2022-11-16,-0.010978832510703786,1.0001069323212628
2022-11-17,0.0012780787323217954,1.0001086140198425
2022-11-18,-0.0014705399261910309,1.0001063465877096
2022-11-21,-0.009022821189363341,1.000093207577304
2022-11-22,-0.0022175193600895665,1.0000898979968902
2022-11-23,-0.0022836129217225594,1.000086503242785
2022-11-24,-0.0026251543845648845,1.0000826297260188
2022-11-25,0.008537496946791434,1.0000946231425871
2022-11-28,-0.012557125732689146,1.0000765117047925
2022-11-29,0.04020680148765224,1.0001324025312721
2022-11-30,0.0025369670162503377,1.0001358091732828
2022-12-01,0.012540340450385653,1.0001532714159989
2022-12-02,-0.01234126422254184,1.000135487646912
2022-12-05,0.023387458199673434,1.0001679539897954
2022-12-06,0.0043297472502151135,1.0001738117761996
2022-12-07,-0.0046381452617308624,1.0001670180390576
2022-12-08,0.0019391119049008056,1.0001695082331865
2022-12-09,0.014202268667717548,1.0001890803757358
2022-12-12,-0.013857964891028312,1.000169239591093
2022-12-13,-0.0018128335557473902,1.0001664608278384
2022-12-14,0.002762693931318219,1.0001700872250017
2022-12-15,-0.005265140601857338,1.0001624754524463
2022-12-16,0.0032878460870928413,1.0001668276203621
2022-12-19,-0.019349932654623505,1.0001393771691038
2022-12-20,-0.017740296434847137,1.0001142851009148
2022-12-21,-0.004595996130512775,1.0001077276109
2022-12-22,-5.344865152187696E-4,1.0001068365982433
2022-12-23,-0.00309479537027445,1.0001023951017234
2022-12-26,0.001143163819493769,1.000103833868386
2022-12-27,0.012308436931165923,1.0001205891675495
2022-12-28,-0.007986182594676877,1.0001093619115202
2022-12-29,-0.0030222556214449395,1.0001050416305346
2022-12-30,0.005127690639485611,1.0001119330970574
2023-01-03,0.008255310770539395,1.000123073822515
2023-01-04,0.012336368861949212,1.0001397259824567
2023-01-05,0.013836339810640048,1.0001583613284806
2023-01-06,-0.006701181706769288,1.0001489452659844
2023-01-09,0.004530991268917714,1.000154918609256
2023-01-10,0.002926342892050947,1.0001586943211032
2023-01-11,-0.0021081148514874998,1.0001556025249763
2023-01-12,-0.0012908102612064977,1.0001536331940064
2023-01-13,0.01401689030352062,1.0001723399662943
2023-01-16,0.01916725840999668,1.0001978719037543
2023-01-17,-5.235524175048647E-4,1.0001968940117913
2023-01-18,9.695626902075736E-4,1.0001979391684706
2023-01-19,0.010877154868650684,1.0002122941454696
2023-01-20,0.001979154281530647,1.0002146764713908
2023-01-30,0.009321893437326485,1.0002268948817878
2023-01-31,-0.007924920061137633,1.000215878502285
2023-02-01,0.008767023918855121,1.0002273231904393
2023-02-02,-0.006531376746584052,1.0002182203618628
2023-02-03,-0.005736602887681246,1.0002102142008598
2023-02-06,-0.009940447693170564,1.0001965563018875
2023-02-07,0.00754041386077979,1.0002063384726985
2023-02-08,-0.00729417617027674,1.000196286748719
2023-02-09,0.01630089903001033,1.0002175887537086
2023-02-10,0.0018409106201565232,1.0002197485509667
2023-02-13,0.011400413442351062,1.000234534081529
2023-02-14,-0.0011218278183660326,1.0002327315833188
2023-02-15,0.0013343557066805775,1.0002341918203552
2023-02-16,-0.011294100539112818,1.0002188340011913
2023-02-17,-0.012875771485312555,1.0002013988666312
2023-02-20,0.034232066839408194,1.000245606642374
2023-02-21,0.005247436608963898,1.0002521889403153
2023-02-22,-0.006734795415686957,1.000242951168197
2023-02-23,-0.0034019434171183847,1.0002381465063448
2023-02-24,-0.005798966123390493,1.0002301893694039
2023-02-27,-0.004323916637403313,1.0002241992231171
2023-02-28,0.00823342948443376,1.0002346544988956
2023-03-01,0.01739221317260709,1.0002569218459296
2023-03-02,-0.002716862450501223,1.0002530287637823
2023-03-03,0.0018335780325946357,1.0002550905176444
2023-03-06,-0.0027671043004157555,1.0002511442807072
2023-03-07,-0.021827053138472993,1.0002220750344166
2023-03-08,-0.00123062719168743,1.000220184583425
2023-03-09,-0.002458253931316366,1.0002167014321437
2023-03-10,-0.015630212581549417,1.0001959833703868
2023-03-13,0.009462638911938038,1.0002079316176782
2023-03-14,-0.01106089864829068,1.0001932709344417
2023-03-15,0.0011619143178612107,1.000194521806854
2023-03-16,-0.013915293928909984,1.0001761861222278
2023-03-17,0.011075904176621514,1.0001901562643616
2023-03-20,-0.009765450356865761,1.0001772792745216
2023-03-21,0.01260614055116418,1.0001931563549467
2023-03-22,0.012181529836758364,1.0002084544126362
2023-03-23,0.010004731553384811,1.0002209527145405
2023-03-24,-7.807403231256126E-4,1.0002196694951888
2023-03-27,-0.0032569776089778632,1.0002152159202544
2023-03-28,-0.004873974299858125,1.0002086997455057
2023-03-29,0.0010425011860667435,1.0002097628252717
2023-03-30,0.01046891054643315,1.0002227653183602
2023-03-31,0.006282443893253434,1.0002304516031262
2023-04-03,0.013965452933586484,1.0002477853650646
2023-04-04,4.5557233682957016E-5,1.0002475287044668
2023-04-06,5.667725287014766E-4,1.0002479332582739
2023-04-07,0.01372957113798905,1.000264884783356
2023-04-10,-0.011074830141764542,1.0002504670839372
2023-04-11,0.00350410948984963,1.0002545685596245
2023-04-12,2.943507098397612E-4,1.000254618725274
2023-04-13,-0.013156196004913589,1.0002376144257916
2023-04-14,-0.0023725611030729673,1.00023432690017
2023-04-17,0.010052330039483625,1.000246601009209
2023-04-18,0.0038365150281679627,1.0002510972391878
2023-04-19,-0.013096086590240075,1.0002342589907778
2023-04-20,0.004634400786479106,1.0002397539892633
2023-04-21,-0.02463060832862565,1.0002082735116167
2023-04-24,-0.01741664331750576,1.0001860739427293
2023-04-25,-0.0026352184418409513,1.0001825511571774
2023-04-26,-0.005500340392204417,1.000175453925015
2023-04-27,0.002502017488855364,1.000178344304538
2023-04-28,0.02103561243911437,1.0002039878270519
2023-05-04,-4.7613377881362617E-4,1.0002031437170529
2023-05-05,5.017584778275024E-4,1.0002035136925775
2023-05-08,0.009103661999827758,1.0002144800687789
2023-05-09,-0.00672793340803002,1.0002058687103828
2023-05-10,-0.009018394306486932,1.000194427959629
2023-05-11,-0.004567728363581168,1.0001885419975407
2023-05-12,-0.012030738578013088,1.0001734010586167
2023-05-15,0.009860834717143073,1.0001852594553144
2023-05-16,-0.018634823208983405,1.0001619189406605
2023-05-17,4.429980623715686E-4,1.0001622637746252
2023-05-18,0.0012204194959906656,1.0001635598494354
2023-05-19,-0.004194651296993659,1.0001582137997451
2023-05-22,0.0022985229967123844,1.000160827522426
2023-05-23,-0.00952919986519602,1.0001489383701812
2023-05-24,-0.02161079442668185,1.0001221095460884
2023-05-25,-0.0018249294583922787,1.0001197356917595
2023-05-26,0.012196550661374895,1.000134339789501
2023-05-29,-0.010542697891109983,1.0001212968144257
2023-05-30,0.0045980879241572375,1.0001267177044761
2023-05-31,-0.0077442471841367745,1.0001171394467385
2023-06-01,-0.002867241452230882,1.0001135209998702
2023-06-02,0.021022917661864406,1.0001385440693515
2023-06-05,-0.0013922731489697463,1.0001366938416505
2023-06-06,-0.007986896520823258,1.0001268546114501
2023-06-07,-0.0017761928536433288,1.0001245596016373
2023-06-08,0.0092968880524842,1.0001355470546422
2023-06-09,0.003091563059665736,1.0001390947246005
2023-06-12,0.008992177237223401,1.0001496759680073
2023-06-13,0.01029189534457821,1.0001617757292052
2023-06-14,0.0040781563496987,1.0001664568572863
2023-06-15,0.013106909392966512,1.0001818367051463
2023-06-16,0.0021822203463219758,1.0001842242658225
2023-06-19,-0.0049237595987820125,1.0001781132203023
2023-06-20,0.008330879883067481,1.0001877911196269
2023-06-21,-0.011470786672002768,1.0001738304326175
2023-06-26,-0.017439444287361727,1.0001527008025228
2023-06-27,0.015379458254542063,1.0001706487203834
2023-06-28,-0.005274140269024825,1.0001641722723946
2023-06-29,0.0021286131054506887,1.0001664975288398
2023-06-30,0.009309935568122275,1.0001772690622917
2023-07-03,0.008932496885939816,1.0001875730512781
2023-07-04,0.0029582894781166316,1.0001908397458508
2023-07-05,-0.00523325861833204,1.0001844260171582
2023-07-06,0.0022296783659398623,1.0001868325737076
2023-07-07,-0.003349256099588436,1.0001826651068144
2023-07-10,-0.0012358060103064602,1.0001809970965538
2023-07-11,0.010155900846867212,1.0001926468024938
2023-07-12,-0.0058653788229815875,1.0001855232096353
2023-07-13,0.011931336968536621,1.000199197049871
2023-07-14,0.0017952529287428825,1.0002010622958073
2023-07-17,-0.0022788569925118137,1.000198161600526
2023-07-18,-0.004586568356417928,1.0001925651037682
2023-07-19,9.156515770684996E-4,1.0001934075577623
2023-07-20,-0.010865229920659745,1.0001804620923176
2023-07-21,0.001878250716268382,1.0001824345934134
2023-07-24,-6.568018342789078E-5,1.0001821463872331
2023-07-25,0.03643414406177167,1.0002234586897907
2023-07-26,-0.005518886453290551,1.0002167856041884
2023-07-27,-0.002436037987166165,1.0002137111322955
2023-07-28,0.022968555668114333,1.0002397228789277
2023-07-31,0.014389532017372385,1.0002559477894692
2023-08-01,-0.00815783811316703,1.0002462023093284
2023-08-02,-0.001390079598799818,1.0002443156501062
2023-08-03,0.005854869177443144,1.0002507539640506
2023-08-04,0.00389972063259743,1.0002549405555727
2023-08-07,-0.01507203220704239,1.0002372075159773
2023-08-08,-0.006051545757445024,1.000229972902176
2023-08-09,-0.004411844470605759,1.0002246434529498
2023-08-10,-4.2172902000070387E-4,1.0002239036575544
2023-08-11,-0.019675521909520783,1.000200932446953
2023-08-14,-0.004869230661614462,1.000195129886847
2023-08-15,-0.0040147528051267724,1.000190319445212
2023-08-16,-0.007802973704782385,1.0001811789349988
2023-08-17,0.004493386521537057,1.0001860742124353
2023-08-18,-0.016630198141142003,1.0001668025295092
2023-08-21,-0.01403343783073424,1.0001505688231223
2023-08-22,0.011215176194950617,1.000163044923046
2023-08-23,-0.021587873984645952,1.0001381404567615
2023-08-24,0.008651761949051213,1.0001477305366262
2023-08-25,-0.003161267275449605,1.0001439853641576
2023-08-28,0.016116641373552027,1.0001618709116615
2023-08-29,0.014737397080258079,1.0001781848452374
2023-08-30,0.004138629519940847,1.000182636008463
2023-08-31,-0.010096969966476277,1.0001710131330939
2023-09-01,0.013259369435373342,1.0001856238670779
2023-09-04,0.011715367213566747,1.000198490161425
2023-09-05,-0.010113358243728325,1.000186869855422
2023-09-06,0.0014007184230911387,1.0001882283250865
2023-09-07,-0.012183365381054538,1.0001743036520763
2023-09-08,-0.004604102943984598,1.0001689518701062
2023-09-11,0.004758551220579219,1.0001740624869835
2023-09-12,-0.00232802228439226,1.0001712696038483
2023-09-13,-0.009219371085234445,1.0001607629740634
2023-09-14,-0.0037060445651905497,1.0001564534152054
2023-09-15,-0.0060220748476663664,1.0001495671151965
2023-09-18,0.002067660834034055,1.000151693928557
2023-09-19,-0.004770319202586804,1.0001462236948657
2023-09-20,-0.0036449745614811594,1.0001420172784534
2023-09-21,-0.007620766700845732,1.0001333966663715
2023-09-22,0.017189038749962415,1.0001520839641762
2023-09-25,-0.008626816696679519,1.000142351499054
2023-09-26,0.0010670925685045004,1.0001433705886806
2023-09-27,0.001278475546601957,1.0001446199961852
2023-09-28,-4.1734925116598565E-4,1.000144001594629
2023-10-09,0.004094337954772141,1.00014833408246
2023-10-10,-0.008477313029148207,1.0001388247338816
2023-10-11,-0.003689250043944869,1.0001346192387905
2023-10-12,0.0031978558595090324,1.0001379692499868
2023-10-13,-0.011478411086252535,1.000125185559117
2023-10-16,-0.011842783144682694,1.0001120270092756
2023-10-17,4.894759887362269E-4,1.0001124389938272
2023-10-18,-0.010996337506289202,1.000100257025798
2023-10-19,-0.018393884232486682,1.0000799225064518
2023-10-20,-0.00724738498292629,1.0000719200554458
2023-10-23,-0.010718523837137462,1.000060127648131
2023-10-24,-0.001652636092921707,1.0000582663772142
2023-10-25,0.011308052385245147,1.0000703998362985
2023-10-26,6.388721375831228E-4,1.0000710155578243
2023-10-27,0.010892961599140893,1.000082664772805
2023-10-30,0.008154095078177583,1.0000913556572706
2023-10-31,-0.005259423751169545,1.0000855617811992
2023-11-01,-0.006252920218956164,1.0000787024155802
2023-11-02,-0.007776563320805879,1.0000702043068472
2023-11-03,0.010257939013570132,1.000081115230868
2023-11-06,0.020140887304055714,1.0001024716325964
2023-11-07,2.4887719843732055E-4,1.0001026288773462
2023-11-08,-9.268530214717196E-4,1.0001015237147328
2023-11-09,5.444166651931131E-4,1.0001019983074633
2023-11-10,-0.008620496766853638,1.00009261852835
2023-11-13,-6.512297566752132E-5,1.0000924498075672
2023-11-14,0.005150518633062244,1.0000978401222453
2023-11-15,0.007026045534898827,1.0001052086851456
2023-11-16,-0.01026005561888131,1.0000941006956114
2023-11-17,-1.8160673316976593E-4,1.0000938070370395
2023-11-20,0.0026742878839000296,1.0000965486976423
2023-11-21,0.002559270698590856,1.0000991626168527
2023-11-22,-0.012254022666659361,1.0000859672554585
2023-11-23,0.014077640898292311,1.000100701936641
2023-11-24,-0.003466455054141281,1.0000969164206885
2023-11-27,-0.003473117795665592,1.000093131854965
2023-11-28,0.00329399346649131,1.0000965100321657
2023-11-29,-0.014731628592190403,1.0000807349045724
2023-11-30,-0.0018278915229034546,1.0000787196639567
2023-12-01,-0.004422654825863162,1.0000739656864472
2023-12-04,-0.00855893588385048,1.0000648390142644
2023-12-05,-0.02028143878173393,1.0000432240000592
2023-12-06,0.003523488082570973,1.0000468733998258
2023-12-07,0.001367501117856245,1.000048258244958
2023-12-08,-0.0037924091591229102,1.0000442246458092
2023-12-11,0.003471733537868398,1.0000478075303736
2023-12-12,0.00506206183667606,1.000053039474391
2023-12-13,-0.01748372828390558,1.0000345523409409
2023-12-14,-0.0050538994248513925,1.0000292272595324
2023-12-15,-0.0015139629394124627,1.0000276168519568
2023-12-18,-0.006337317627046888,1.000020965544414
2023-12-19,-0.0015448662715871534,1.0000193348912316
2023-12-20,-0.017097905772384087,1.000001387618527
2023-12-21,0.013254886569668703,1.0000150600275037
2023-12-22,1.7056181276441673E-4,1.000015221323882
2023-12-25,0.008405425231484616,1.000023879602114
2023-12-26,-0.01139331679237157,1.0000119926423547
2023-12-27,0.0019810797258528775,1.000014026926736
2023-12-28,0.023639712942216857,1.0000381500716005
2023-12-29,0.004245712455942511,1.0000424831415462
